D:\workspaces\deepseek-v4.1-flash-max-in-dsh\tmp\20261003-114508-flashmax\B01\dsl\c01-roast-profile.v3.snapshot	D:\workspaces\deepseek-v4.1-flash-max-in-dsh\outputs\20261003-114508-flashmax\B01\case-01\final.png	case-01	final
D:\workspaces\deepseek-v4.1-flash-max-in-dsh\tmp\20261003-114508-flashmax\B01\dsl\c02-marathon-profile.v3.snapshot	D:\workspaces\deepseek-v4.1-flash-max-in-dsh\outputs\20261003-114508-flashmax\B01\case-02\final.png	case-02	final
D:\workspaces\deepseek-v4.1-flash-max-in-dsh\tmp\20261003-114508-flashmax\B01\dsl\c03-vinyl-cover.v3.snapshot	D:\workspaces\deepseek-v4.1-flash-max-in-dsh\outputs\20261003-114508-flashmax\B01\case-03\final.png	case-03	final
D:\workspaces\deepseek-v4.1-flash-max-in-dsh\tmp\20261003-114508-flashmax\B01\dsl\c04-med-plan.v2.snapshot	D:\workspaces\deepseek-v4.1-flash-max-in-dsh\outputs\20261003-114508-flashmax\B01\case-04\final.png	case-04	final
D:\workspaces\deepseek-v4.1-flash-max-in-dsh\tmp\20261003-114508-flashmax\B01\dsl\c05-lunar-calendar.v3.snapshot	D:\workspaces\deepseek-v4.1-flash-max-in-dsh\outputs\20261003-114508-flashmax\B01\case-05\final.png	case-05	final
D:\workspaces\deepseek-v4.1-flash-max-in-dsh\tmp\20261003-114508-flashmax\B01\dsl\c06-leather-pattern.v3.snapshot	D:\workspaces\deepseek-v4.1-flash-max-in-dsh\outputs\20261003-114508-flashmax\B01\case-06\final.png	case-06	final
D:\workspaces\deepseek-v4.1-flash-max-in-dsh\tmp\20261003-114508-flashmax\B01\dsl\c07-vaccine-timeline.v2.snapshot	D:\workspaces\deepseek-v4.1-flash-max-in-dsh\outputs\20261003-114508-flashmax\B01\case-07\final.png	case-07	final
D:\workspaces\deepseek-v4.1-flash-max-in-dsh\tmp\20261003-114508-flashmax\B01\dsl\c08-podcast-wave.v1.snapshot	D:\workspaces\deepseek-v4.1-flash-max-in-dsh\outputs\20261003-114508-flashmax\B01\case-08\final.png	case-08	final
D:\workspaces\deepseek-v4.1-flash-max-in-dsh\tmp\20261003-114508-flashmax\B01\dsl\c09-approach-chart.v3.snapshot	D:\workspaces\deepseek-v4.1-flash-max-in-dsh\outputs\20261003-114508-flashmax\B01\case-09\final.png	case-09	final
D:\workspaces\deepseek-v4.1-flash-max-in-dsh\tmp\20261003-114508-flashmax\B01\dsl\c10-tea-wheel.v3.snapshot	D:\workspaces\deepseek-v4.1-flash-max-in-dsh\outputs\20261003-114508-flashmax\B01\case-10\final.png	case-10	final
