t_hours,clock,height_m,dhdt_m_per_h,stream_kn,stream_dir
0.0,00:00,0.896,0.438,0.8,48
0.0833,00:05,0.934,0.469,0.86,48
0.1667,00:10,0.974,0.5,0.92,48
0.25,00:15,1.017,0.529,0.97,48
0.3333,00:20,1.062,0.557,1.02,48
0.4167,00:25,1.11,0.585,1.07,48
0.5,00:30,1.16,0.612,1.12,48
0.5833,00:35,1.212,0.637,1.17,48
0.6667,00:40,1.266,0.661,1.21,48
0.75,00:45,1.322,0.685,1.25,48
0.8333,00:50,1.38,0.707,1.3,48
0.9167,00:55,1.44,0.728,1.33,48
1.0,01:00,1.501,0.747,1.37,48
1.0833,01:05,1.564,0.765,1.4,48
1.1667,01:10,1.629,0.782,1.43,48
1.25,01:15,1.694,0.798,1.46,48
1.3333,01:20,1.762,0.812,1.49,48
1.4167,01:25,1.83,0.825,1.51,48
1.5,01:30,1.899,0.836,1.53,48
1.5833,01:35,1.969,0.846,1.55,48
1.6667,01:40,2.04,0.854,1.57,48
1.75,01:45,2.111,0.861,1.58,48
1.8333,01:50,2.183,0.866,1.59,48
1.9167,01:55,2.256,0.87,1.59,48
2.0,02:00,2.328,0.872,1.6,48
2.0833,02:05,2.401,0.873,1.6,48
2.1667,02:10,2.474,0.872,1.6,48
2.25,02:15,2.546,0.87,1.59,48
2.3333,02:20,2.619,0.866,1.59,48
2.4167,02:25,2.691,0.86,1.58,48
2.5,02:30,2.762,0.853,1.56,48
2.5833,02:35,2.833,0.845,1.55,48
2.6667,02:40,2.903,0.835,1.53,48
2.75,02:45,2.972,0.823,1.51,48
2.8333,02:50,3.04,0.81,1.49,48
2.9167,02:55,3.107,0.796,1.46,48
3.0,03:00,3.173,0.78,1.43,48
3.0833,03:05,3.237,0.763,1.4,48
3.1667,03:10,3.3,0.745,1.36,48
3.25,03:15,3.361,0.725,1.33,48
3.3333,03:20,3.421,0.704,1.29,48
3.4167,03:25,3.478,0.681,1.25,48
3.5,03:30,3.534,0.658,1.21,48
3.5833,03:35,3.588,0.633,1.16,48
3.6667,03:40,3.64,0.607,1.11,48
3.75,03:45,3.689,0.58,1.06,48
3.8333,03:50,3.736,0.552,1.01,48
3.9167,03:55,3.781,0.523,0.96,48
4.0,04:00,3.823,0.493,0.9,48
4.0833,04:05,3.863,0.462,0.85,48
4.1667,04:10,3.9,0.43,0.79,48
4.25,04:15,3.935,0.398,0.73,48
4.3333,04:20,3.967,0.365,0.67,48
4.4167,04:25,3.996,0.331,0.61,48
4.5,04:30,4.022,0.297,0.54,48
4.5833,04:35,4.045,0.262,0.48,48
4.6667,04:40,4.065,0.226,0.41,48
4.75,04:45,4.083,0.19,0.35,48
4.8333,04:50,4.097,0.154,0.28,48
4.9167,04:55,4.108,0.118,0.22,48
5.0,05:00,4.117,0.081,0.15,48
5.0833,05:05,4.122,0.044,0.1,
5.1667,05:10,4.124,0.007,0.1,
5.25,05:15,4.123,-0.03,0.1,
5.3333,05:20,4.119,-0.066,0.12,228
5.4167,05:25,4.112,-0.103,0.19,228
5.5,05:30,4.102,-0.14,0.26,228
5.5833,05:35,4.089,-0.176,0.32,228
5.6667,05:40,4.073,-0.212,0.39,228
5.75,05:45,4.053,-0.248,0.45,228
5.8333,05:50,4.031,-0.283,0.52,228
5.9167,05:55,4.006,-0.318,0.58,228
6.0,06:00,3.978,-0.352,0.65,228
6.0833,06:05,3.948,-0.386,0.71,228
6.1667,06:10,3.914,-0.419,0.77,228
6.25,06:15,3.878,-0.451,0.83,228
6.3333,06:20,3.839,-0.482,0.88,228
6.4167,06:25,3.797,-0.513,0.94,228
6.5,06:30,3.753,-0.543,0.99,228
6.5833,06:35,3.707,-0.571,1.05,228
6.6667,06:40,3.658,-0.599,1.1,228
6.75,06:45,3.607,-0.626,1.15,228
6.8333,06:50,3.554,-0.651,1.19,228
6.9167,06:55,3.499,-0.676,1.24,228
7.0,07:00,3.441,-0.699,1.28,228
7.0833,07:05,3.382,-0.721,1.32,228
7.1667,07:10,3.321,-0.742,1.36,228
7.25,07:15,3.258,-0.761,1.4,228
7.3333,07:20,3.194,-0.78,1.43,228
7.4167,07:25,3.129,-0.796,1.46,228
7.5,07:30,3.062,-0.812,1.49,228
7.5833,07:35,2.993,-0.826,1.51,228
7.6667,07:40,2.924,-0.838,1.54,228
7.75,07:45,2.854,-0.849,1.56,228
7.8333,07:50,2.782,-0.859,1.57,228
7.9167,07:55,2.711,-0.867,1.59,228
8.0,08:00,2.638,-0.873,1.6,228
8.0833,08:05,2.565,-0.878,1.61,228
8.1667,08:10,2.492,-0.881,1.62,228
8.25,08:15,2.418,-0.883,1.62,228
8.3333,08:20,2.345,-0.884,1.62,228
8.4167,08:25,2.271,-0.882,1.62,228
8.5,08:30,2.198,-0.88,1.61,228
8.5833,08:35,2.124,-0.875,1.6,228
8.6667,08:40,2.052,-0.87,1.59,228
8.75,08:45,1.98,-0.862,1.58,228
8.8333,08:50,1.908,-0.853,1.56,228
8.9167,08:55,1.837,-0.843,1.54,228
9.0,09:00,1.768,-0.831,1.52,228
9.0833,09:05,1.699,-0.818,1.5,228
9.1667,09:10,1.631,-0.803,1.47,228
9.25,09:15,1.565,-0.787,1.44,228
9.3333,09:20,1.5,-0.77,1.41,228
9.4167,09:25,1.437,-0.751,1.38,228
9.5,09:30,1.375,-0.731,1.34,228
9.5833,09:35,1.315,-0.71,1.3,228
9.6667,09:40,1.257,-0.687,1.26,228
9.75,09:45,1.201,-0.663,1.22,228
9.8333,09:50,1.146,-0.638,1.17,228
9.9167,09:55,1.094,-0.612,1.12,228
10.0,10:00,1.044,-0.585,1.07,228
10.0833,10:05,0.997,-0.557,1.02,228
10.1667,10:10,0.951,-0.528,0.97,228
10.25,10:15,0.909,-0.499,0.91,228
10.3333,10:20,0.868,-0.468,0.86,228
10.4167,10:25,0.831,-0.436,0.8,228
10.5,10:30,0.796,-0.404,0.74,228
10.5833,10:35,0.763,-0.371,0.68,228
10.6667,10:40,0.734,-0.338,0.62,228
10.75,10:45,0.707,-0.304,0.56,228
10.8333,10:50,0.683,-0.269,0.49,228
10.9167,10:55,0.662,-0.234,0.43,228
11.0,11:00,0.644,-0.199,0.36,228
11.0833,11:05,0.629,-0.163,0.3,228
11.1667,11:10,0.617,-0.127,0.23,228
11.25,11:15,0.608,-0.091,0.17,228
11.3333,11:20,0.602,-0.055,0.1,
11.4167,11:25,0.599,-0.019,0.1,
11.5,11:30,0.599,0.018,0.1,
11.5833,11:35,0.602,0.054,0.1,
11.6667,11:40,0.608,0.09,0.16,48
11.75,11:45,0.617,0.125,0.23,48
11.8333,11:50,0.629,0.161,0.29,48
11.9167,11:55,0.643,0.196,0.36,48
12.0,12:00,0.661,0.231,0.42,48
12.0833,12:05,0.682,0.265,0.49,48
12.1667,12:10,0.705,0.299,0.55,48
12.25,12:15,0.732,0.332,0.61,48
12.3333,12:20,0.761,0.364,0.67,48
12.4167,12:25,0.792,0.396,0.73,48
12.5,12:30,0.827,0.427,0.78,48
12.5833,12:35,0.864,0.457,0.84,48
12.6667,12:40,0.903,0.487,0.89,48
12.75,12:45,0.945,0.515,0.94,48
12.8333,12:50,0.989,0.542,0.99,48
12.9167,12:55,1.035,0.569,1.04,48
13.0,13:00,1.083,0.594,1.09,48
13.0833,13:05,1.134,0.618,1.13,48
13.1667,13:10,1.186,0.641,1.18,48
13.25,13:15,1.241,0.663,1.22,48
13.3333,13:20,1.297,0.684,1.25,48
13.4167,13:25,1.355,0.703,1.29,48
13.5,13:30,1.414,0.721,1.32,48
13.5833,13:35,1.475,0.738,1.35,48
13.6667,13:40,1.537,0.753,1.38,48
13.75,13:45,1.6,0.767,1.41,48
13.8333,13:50,1.665,0.779,1.43,48
13.9167,13:55,1.73,0.79,1.45,48
14.0,14:00,1.796,0.8,1.47,48
14.0833,14:05,1.863,0.808,1.48,48
14.1667,14:10,1.931,0.815,1.49,48
14.25,14:15,1.999,0.82,1.5,48
14.3333,14:20,2.068,0.823,1.51,48
14.4167,14:25,2.136,0.825,1.51,48
14.5,14:30,2.205,0.826,1.51,48
14.5833,14:35,2.274,0.825,1.51,48
14.6667,14:40,2.343,0.823,1.51,48
14.75,14:45,2.411,0.819,1.5,48
14.8333,14:50,2.479,0.813,1.49,48
14.9167,14:55,2.547,0.806,1.48,48
15.0,15:00,2.613,0.798,1.46,48
15.0833,15:05,2.679,0.788,1.44,48
15.1667,15:10,2.745,0.776,1.42,48
15.25,15:15,2.809,0.764,1.4,48
15.3333,15:20,2.872,0.75,1.37,48
15.4167,15:25,2.934,0.734,1.35,48
15.5,15:30,2.994,0.717,1.31,48
15.5833,15:35,3.053,0.699,1.28,48
15.6667,15:40,3.111,0.68,1.25,48
15.75,15:45,3.166,0.659,1.21,48
15.8333,15:50,3.22,0.637,1.17,48
15.9167,15:55,3.273,0.614,1.13,48
16.0,16:00,3.323,0.59,1.08,48
16.0833,16:05,3.371,0.565,1.03,48
16.1667,16:10,3.417,0.538,0.99,48
16.25,16:15,3.461,0.511,0.94,48
16.3333,16:20,3.502,0.483,0.88,48
16.4167,16:25,3.541,0.454,0.83,48
16.5,16:30,3.578,0.424,0.78,48
16.5833,16:35,3.612,0.393,0.72,48
16.6667,16:40,3.643,0.362,0.66,48
16.75,16:45,3.672,0.33,0.6,48
16.8333,16:50,3.698,0.298,0.55,48
16.9167,16:55,3.722,0.264,0.48,48
17.0,17:00,3.742,0.231,0.42,48
17.0833,17:05,3.76,0.197,0.36,48
17.1667,17:10,3.775,0.163,0.3,48
17.25,17:15,3.787,0.128,0.23,48
17.3333,17:20,3.796,0.093,0.17,48
17.4167,17:25,3.803,0.058,0.1,
17.5,17:30,3.806,0.023,0.1,
17.5833,17:35,3.806,-0.012,0.1,
17.6667,17:40,3.804,-0.047,0.1,
17.75,17:45,3.799,-0.082,0.15,228
17.8333,17:50,3.79,-0.117,0.21,228
17.9167,17:55,3.779,-0.151,0.28,228
18.0,18:00,3.765,-0.186,0.34,228
18.0833,18:05,3.748,-0.22,0.4,228
18.1667,18:10,3.728,-0.253,0.46,228
18.25,18:15,3.706,-0.286,0.52,228
18.3333,18:20,3.681,-0.319,0.58,228
18.4167,18:25,3.653,-0.351,0.64,228
18.5,18:30,3.622,-0.382,0.7,228
18.5833,18:35,3.589,-0.412,0.76,228
18.6667,18:40,3.554,-0.442,0.81,228
18.75,18:45,3.516,-0.471,0.86,228
18.8333,18:50,3.475,-0.499,0.91,228
18.9167,18:55,3.433,-0.526,0.96,228
19.0,19:00,3.388,-0.552,1.01,228
19.0833,19:05,3.341,-0.577,1.06,228
19.1667,19:10,3.291,-0.601,1.1,228
19.25,19:15,3.24,-0.624,1.14,228
19.3333,19:20,3.187,-0.646,1.18,228
19.4167,19:25,3.133,-0.666,1.22,228
19.5,19:30,3.076,-0.686,1.26,228
19.5833,19:35,3.018,-0.704,1.29,228
19.6667,19:40,2.959,-0.721,1.32,228
19.75,19:45,2.898,-0.736,1.35,228
19.8333,19:50,2.836,-0.75,1.37,228
19.9167,19:55,2.773,-0.763,1.4,228
20.0,20:00,2.709,-0.774,1.42,228
20.0833,20:05,2.645,-0.784,1.44,228
20.1667,20:10,2.579,-0.792,1.45,228
20.25,20:15,2.513,-0.799,1.46,228
20.3333,20:20,2.446,-0.804,1.47,228
20.4167,20:25,2.379,-0.808,1.48,228
20.5,20:30,2.311,-0.81,1.49,228
20.5833,20:35,2.244,-0.811,1.49,228
20.6667,20:40,2.176,-0.811,1.49,228
20.75,20:45,2.108,-0.809,1.48,228
20.8333,20:50,2.041,-0.805,1.47,228
20.9167,20:55,1.974,-0.8,1.47,228
21.0,21:00,1.908,-0.793,1.45,228
21.0833,21:05,1.842,-0.785,1.44,228
21.1667,21:10,1.777,-0.775,1.42,228
21.25,21:15,1.713,-0.764,1.4,228
21.3333,21:20,1.65,-0.752,1.38,228
21.4167,21:25,1.588,-0.738,1.35,228
21.5,21:30,1.527,-0.723,1.32,228
21.5833,21:35,1.467,-0.706,1.29,228
21.6667,21:40,1.409,-0.688,1.26,228
21.75,21:45,1.353,-0.669,1.23,228
21.8333,21:50,1.298,-0.649,1.19,228
21.9167,21:55,1.244,-0.627,1.15,228
22.0,22:00,1.193,-0.604,1.11,228
22.0833,22:05,1.144,-0.58,1.06,228
22.1667,22:10,1.096,-0.555,1.02,228
22.25,22:15,1.051,-0.529,0.97,228
22.3333,22:20,1.008,-0.502,0.92,228
22.4167,22:25,0.968,-0.474,0.87,228
22.5,22:30,0.929,-0.445,0.82,228
22.5833,22:35,0.894,-0.415,0.76,228
22.6667,22:40,0.86,-0.384,0.7,228
22.75,22:45,0.829,-0.353,0.65,228
22.8333,22:50,0.801,-0.321,0.59,228
22.9167,22:55,0.776,-0.288,0.53,228
23.0,23:00,0.753,-0.255,0.47,228
23.0833,23:05,0.734,-0.221,0.41,228
23.1667,23:10,0.717,-0.187,0.34,228
23.25,23:15,0.702,-0.152,0.28,228
23.3333,23:20,0.691,-0.117,0.22,228
23.4167,23:25,0.683,-0.082,0.15,228
23.5,23:30,0.677,-0.047,0.1,
23.5833,23:35,0.675,-0.011,0.1,
23.6667,23:40,0.676,0.024,0.1,
23.75,23:45,0.679,0.06,0.1,
23.8333,23:50,0.686,0.095,0.17,48
23.9167,23:55,0.695,0.131,0.24,48
24.0,00:00,0.707,0.166,0.3,48
